Workbook

Sheet Start Here
B2: Fleet operations starter
B3: One source of truth for drivers, vehicles, routes, today's plan and exceptions. Built for Google Sheets or Excel, no code.
B5: How to start (about 1 hour)
B6: 1. Fill the master tabs | C6: Drivers, Vehicles, Routes. One row each. The yellow rows are EXAMPLES: overwrite or delete them.
B7: 2. Never type free text where there is a dropdown | C7: Statuses, types and reason codes come from the Lists tab. A wrong value is rejected on purpose.
B8: 3. Each day, use the Today tab | C8: One row per route: date, route, driver, vehicle, stops. Update stops_done and status at each checkpoint.
B9: 4. Log every problem in Exceptions | C9: One row per incident, always with a reason code. This is what shows patterns later.
B10: 5. Read the checks | C10: assignment_check and data_check turn red when something does not fit. Fix the cause, do not hide the message.
B12: The 6 rules that keep the data clean
B13: Rule 1: IDs are permanent | C13: An ID never changes and is never reused. If a driver leaves, set status to Inactive, do not delete the row.
B14: Rule 2: IDs are typed once | C14: Everywhere else you pick the ID from a dropdown, so names and IDs cannot drift apart.
B15: Rule 3: fixed values only | C15: Status, vehicle type, severity and reason code come from the lists. To add a value, add it to Lists first.
B16: Rule 4: one row = one thing | C16: One driver, one vehicle, one route, one daily run, one incident. No merged cells, no notes in the ID column.
B17: Rule 5: every late or at-risk route needs a reason code | C17: If it is late for several reasons, record the main one and explain in notes.
B18: Rule 6: one owner | C18: Name one person who can change the master tabs. Everyone else only edits Today and Exceptions.
B20: ID formats
B21: Driver | C21: D + number | D21: D01, D02, ... D24
B22: Vehicle | C22: V + number | D22: V01, V02, ... V24
B23: Route | C23: type letters + number | D23: BK-01 (motorbike), VN-01 (van), TR-01 (truck)
B24: Exception | C24: EX- + 4 digits | D24: EX-0001, EX-0002, ...
B26: Colors
B27: Dark blue header | C27: You type or choose values in this column.
B28: Grey header | C28: Calculated. Do not type here, it is a formula.
B29: Light yellow row | C29: Example row. Overwrite it with your real data.
B30: Red text | C30: A check failed or an ID is duplicated.
B32: Reason codes (full list in the Lists tab)
B33: TRF WTH BRK ACC | C33: Traffic, weather, breakdown, accident or incident
B34: CAB ADR ACS REF | C34: Customer absent, address problem, access blocked, delivery refused
B35: PLN DRV VEH OTH | C35: Plan too tight, driver issue, vehicle not ready, other (explain in notes)
B37: Notes and limits
B38: Prepared rows | C38: Each tab is set up for 300 rows. If you need more, copy the last row down. Sheets formulas and dropdowns carry with it.
B39: Using it in Google Sheets | C39: Upload the file to Google Drive and open it with Google Sheets. Dropdowns, colors and formulas should carry over, but test one dropdown and one check before relying on it.
B40: Personal data | C40: Phone numbers and licence dates are personal data. Limit who can open the Drivers tab, and follow your company's rules.
B41: Examples are fictitious | C41: All names, plates and phone numbers in this file are made up.

Sheet Today
A1: date | B1: route_id | C1: driver_id | D1: vehicle_id | E1: driver_name | F1: zone | G1: assignment_check | H1: stops_planned | I1: stops_done | J1: progress | K1: status | L1: reason_code | M1: last_checkpoint | N1: notes | O1: data_check
A2: 46304 | B2: BK-01 | C2: D01 | D2: V01 | E2: =IF(C2="","",IFERROR(INDEX(Drivers!$B:$B,MATCH(C2,Drivers!$A:$A,0)),"ID not found")) -> Juan Martínez | F2: =IF(B2="","",IFERROR(INDEX(Routes!$B:$B,MATCH(B2,Routes!$A:$A,0)),"ID not found")) -> Distrito Nacional | G2: =IF(OR(B2="",C2="",D2=""),"",IF(OR(ISNA(MATCH(B2,Routes!$A:$A,0)),ISNA(MATCH(C2,Drivers!$A:$A,0)),ISNA(MATCH(D2,Vehicles!$A:$A,0))),"CHECK: ID not found",IF(INDEX(Routes!$C:$C,MATCH(B2,Routes!$A:$A,0))<>INDEX(Vehicles!$B:$B,MATCH(D2,Vehicles!$A:$A,0)),"CHECK: vehicle type does not fit route",IF(INDEX(Routes!$C:$C,MATCH(B2,Routes!$A:$A,0))<>INDEX(Drivers!$D:$D,MATCH(C2,Drivers!$A:$A,0)),"CHECK: driver type does not fit route",IF(OR(INDEX(Vehicles!$E:$E,MATCH(D2,Vehicles!$A:$A,0))="Workshop",INDEX(Vehicles!$E:$E,MATCH(D2,Vehicles!$A:$A,0))="Out of service"),"CHECK: vehicle not available",IF(INDEX(Drivers!$G:$G,MATCH(C2,Drivers!$A:$A,0))<>"Active","CHECK: driver not active",IF(COUNTIFS($A:$A,A2,$C:$C,C2)>1,"CHECK: driver assigned twice",IF(COUNTIFS($A:$A,A2,$D:$D,D2)>1,"CHECK: vehicle assigned twice","OK")))))))) -> OK | H2: 24 | I2: 10 | J2: =IF(OR(H2="",H2=0),"",I2/H2) -> 0.41666667 | K2: On track | M2: 0.4375 | O2: =IF(AND(OR(K2="At risk",K2="Late"),L2=""),"Add a reason code",IF(AND(L2="OTH",N2=""),"Explain OTH in notes",IF(AND(K2="Finished",I2<H2,L2=""),"Add a reason code","")))
A3: 46304 | B3: BK-02 | C3: D02 | D3: V02 | E3: =IF(C3="","",IFERROR(INDEX(Drivers!$B:$B,MATCH(C3,Drivers!$A:$A,0)),"ID not found")) -> Luis Almonte | F3: =IF(B3="","",IFERROR(INDEX(Routes!$B:$B,MATCH(B3,Routes!$A:$A,0)),"ID not found")) -> Zona Colonial | G3: =IF(OR(B3="",C3="",D3=""),"",IF(OR(ISNA(MATCH(B3,Routes!$A:$A,0)),ISNA(MATCH(C3,Drivers!$A:$A,0)),ISNA(MATCH(D3,Vehicles!$A:$A,0))),"CHECK: ID not found",IF(INDEX(Routes!$C:$C,MATCH(B3,Routes!$A:$A,0))<>INDEX(Vehicles!$B:$B,MATCH(D3,Vehicles!$A:$A,0)),"CHECK: vehicle type does not fit route",IF(INDEX(Routes!$C:$C,MATCH(B3,Routes!$A:$A,0))<>INDEX(Drivers!$D:$D,MATCH(C3,Drivers!$A:$A,0)),"CHECK: driver type does not fit route",IF(OR(INDEX(Vehicles!$E:$E,MATCH(D3,Vehicles!$A:$A,0))="Workshop",INDEX(Vehicles!$E:$E,MATCH(D3,Vehicles!$A:$A,0))="Out of service"),"CHECK: vehicle not available",IF(INDEX(Drivers!$G:$G,MATCH(C3,Drivers!$A:$A,0))<>"Active","CHECK: driver not active",IF(COUNTIFS($A:$A,A3,$C:$C,C3)>1,"CHECK: driver assigned twice",IF(COUNTIFS($A:$A,A3,$D:$D,D3)>1,"CHECK: vehicle assigned twice","OK")))))))) -> CHECK: vehicle not available | H3: 22 | I3: 0 | J3: =IF(OR(H3="",H3=0),"",I3/H3) -> 0 | K3: Not started | N3: Example: vehicle V02 is in the workshop, so the check flags it | O3: =IF(AND(OR(K3="At risk",K3="Late"),L3=""),"Add a reason code",IF(AND(L3="OTH",N3=""),"Explain OTH in notes",IF(AND(K3="Finished",I3<H3,L3=""),"Add a reason code","")))
A4: 46304 | B4: TR-02 | C4: D21 | D4: V21 | E4: =IF(C4="","",IFERROR(INDEX(Drivers!$B:$B,MATCH(C4,Drivers!$A:$A,0)),"ID not found")) -> Yeison Tavárez | F4: =IF(B4="","",IFERROR(INDEX(Routes!$B:$B,MATCH(B4,Routes!$A:$A,0)),"ID not found")) -> Santiago | G4: =IF(OR(B4="",C4="",D4=""),"",IF(OR(ISNA(MATCH(B4,Routes!$A:$A,0)),ISNA(MATCH(C4,Drivers!$A:$A,0)),ISNA(MATCH(D4,Vehicles!$A:$A,0))),"CHECK: ID not found",IF(INDEX(Routes!$C:$C,MATCH(B4,Routes!$A:$A,0))<>INDEX(Vehicles!$B:$B,MATCH(D4,Vehicles!$A:$A,0)),"CHECK: vehicle type does not fit route",IF(INDEX(Routes!$C:$C,MATCH(B4,Routes!$A:$A,0))<>INDEX(Drivers!$D:$D,MATCH(C4,Drivers!$A:$A,0)),"CHECK: driver type does not fit route",IF(OR(INDEX(Vehicles!$E:$E,MATCH(D4,Vehicles!$A:$A,0))="Workshop",INDEX(Vehicles!$E:$E,MATCH(D4,Vehicles!$A:$A,0))="Out of service"),"CHECK: vehicle not available",IF(INDEX(Drivers!$G:$G,MATCH(C4,Drivers!$A:$A,0))<>"Active","CHECK: driver not active",IF(COUNTIFS($A:$A,A4,$C:$C,C4)>1,"CHECK: driver assigned twice",IF(COUNTIFS($A:$A,A4,$D:$D,D4)>1,"CHECK: vehicle assigned twice","OK")))))))) -> OK | H4: 8 | I4: 3 | J4: =IF(OR(H4="",H4=0),"",I4/H4) -> 0.375 | K4: Late | L4: TRF | M4: 0.48611111 | N4: Accident on the highway, 40 min stopped | O4: =IF(AND(OR(K4="At risk",K4="Late"),L4=""),"Add a reason code",IF(AND(L4="OTH",N4=""),"Explain OTH in notes",IF(AND(K4="Finished",I4<H4,L4=""),"Add a reason code","")))
A5: 46304 | B5: VN-02 | C5: D15 | D5: V15 | E5: =IF(C5="","",IFERROR(INDEX(Drivers!$B:$B,MATCH(C5,Drivers!$A:$A,0)),"ID not found")) -> Mercedes Rodríguez | F5: =IF(B5="","",IFERROR(INDEX(Routes!$B:$B,MATCH(B5,Routes!$A:$A,0)),"ID not found")) -> San Cristóbal | G5: =IF(OR(B5="",C5="",D5=""),"",IF(OR(ISNA(MATCH(B5,Routes!$A:$A,0)),ISNA(MATCH(C5,Drivers!$A:$A,0)),ISNA(MATCH(D5,Vehicles!$A:$A,0))),"CHECK: ID not found",IF(INDEX(Routes!$C:$C,MATCH(B5,Routes!$A:$A,0))<>INDEX(Vehicles!$B:$B,MATCH(D5,Vehicles!$A:$A,0)),"CHECK: vehicle type does not fit route",IF(INDEX(Routes!$C:$C,MATCH(B5,Routes!$A:$A,0))<>INDEX(Drivers!$D:$D,MATCH(C5,Drivers!$A:$A,0)),"CHECK: driver type does not fit route",IF(OR(INDEX(Vehicles!$E:$E,MATCH(D5,Vehicles!$A:$A,0))="Workshop",INDEX(Vehicles!$E:$E,MATCH(D5,Vehicles!$A:$A,0))="Out of service"),"CHECK: vehicle not available",IF(INDEX(Drivers!$G:$G,MATCH(C5,Drivers!$A:$A,0))<>"Active","CHECK: driver not active",IF(COUNTIFS($A:$A,A5,$C:$C,C5)>1,"CHECK: driver assigned twice",IF(COUNTIFS($A:$A,A5,$D:$D,D5)>1,"CHECK: vehicle assigned twice","OK")))))))) -> OK | H5: 18 | I5: 9 | J5: =IF(OR(H5="",H5=0),"",I5/H5) -> 0.5 | K5: At risk | M5: 0.46875 | N5: Example: reason code missing, so data_check flags it | O5: =IF(AND(OR(K5="At risk",K5="Late"),L5=""),"Add a reason code",IF(AND(L5="OTH",N5=""),"Explain OTH in notes",IF(AND(K5="Finished",I5<H5,L5=""),"Add a reason code",""))) -> Add a reason code
E6: =IF(C6="","",IFERROR(INDEX(Drivers!$B:$B,MATCH(C6,Drivers!$A:$A,0)),"ID not found")) | F6: =IF(B6="","",IFERROR(INDEX(Routes!$B:$B,MATCH(B6,Routes!$A:$A,0)),"ID not found")) | G6: =IF(OR(B6="",C6="",D6=""),"",IF(OR(ISNA(MATCH(B6,Routes!$A:$A,0)),ISNA(MATCH(C6,Drivers!$A:$A,0)),ISNA(MATCH(D6,Vehicles!$A:$A,0))),"CHECK: ID not found",IF(INDEX(Routes!$C:$C,MATCH(B6,Routes!$A:$A,0))<>INDEX(Vehicles!$B:$B,MATCH(D6,Vehicles!$A:$A,0)),"CHECK: vehicle type does not fit route",IF(INDEX(Routes!$C:$C,MATCH(B6,Routes!$A:$A,0))<>INDEX(Drivers!$D:$D,MATCH(C6,Drivers!$A:$A,0)),"CHECK: driver type does not fit route",IF(OR(INDEX(Vehicles!$E:$E,MATCH(D6,Vehicles!$A:$A,0))="Workshop",INDEX(Vehicles!$E:$E,MATCH(D6,Vehicles!$A:$A,0))="Out of service"),"CHECK: vehicle not available",IF(INDEX(Drivers!$G:$G,MATCH(C6,Drivers!$A:$A,0))<>"Active","CHECK: driver not active",IF(COUNTIFS($A:$A,A6,$C:$C,C6)>1,"CHECK: driver assigned twice",IF(COUNTIFS($A:$A,A6,$D:$D,D6)>1,"CHECK: vehicle assigned twice","OK")))))))) | J6: =IF(OR(H6="",H6=0),"",I6/H6) | O6: =IF(AND(OR(K6="At risk",K6="Late"),L6=""),"Add a reason code",IF(AND(L6="OTH",N6=""),"Explain OTH in notes",IF(AND(K6="Finished",I6<H6,L6=""),"Add a reason code","")))
E7: =IF(C7="","",IFERROR(INDEX(Drivers!$B:$B,MATCH(C7,Drivers!$A:$A,0)),"ID not found")) | F7: =IF(B7="","",IFERROR(INDEX(Routes!$B:$B,MATCH(B7,Routes!$A:$A,0)),"ID not found")) | G7: =IF(OR(B7="",C7="",D7=""),"",IF(OR(ISNA(MATCH(B7,Routes!$A:$A,0)),ISNA(MATCH(C7,Drivers!$A:$A,0)),ISNA(MATCH(D7,Vehicles!$A:$A,0))),"CHECK: ID not found",IF(INDEX(Routes!$C:$C,MATCH(B7,Routes!$A:$A,0))<>INDEX(Vehicles!$B:$B,MATCH(D7,Vehicles!$A:$A,0)),"CHECK: vehicle type does not fit route",IF(INDEX(Routes!$C:$C,MATCH(B7,Routes!$A:$A,0))<>INDEX(Drivers!$D:$D,MATCH(C7,Drivers!$A:$A,0)),"CHECK: driver type does not fit route",IF(OR(INDEX(Vehicles!$E:$E,MATCH(D7,Vehicles!$A:$A,0))="Workshop",INDEX(Vehicles!$E:$E,MATCH(D7,Vehicles!$A:$A,0))="Out of service"),"CHECK: vehicle not available",IF(INDEX(Drivers!$G:$G,MATCH(C7,Drivers!$A:$A,0))<>"Active","CHECK: driver not active",IF(COUNTIFS($A:$A,A7,$C:$C,C7)>1,"CHECK: driver assigned twice",IF(COUNTIFS($A:$A,A7,$D:$D,D7)>1,"CHECK: vehicle assigned twice","OK")))))))) | J7: =IF(OR(H7="",H7=0),"",I7/H7) | O7: =IF(AND(OR(K7="At risk",K7="Late"),L7=""),"Add a reason code",IF(AND(L7="OTH",N7=""),"Explain OTH in notes",IF(AND(K7="Finished",I7<H7,L7=""),"Add a reason code","")))
E8: =IF(C8="","",IFERROR(INDEX(Drivers!$B:$B,MATCH(C8,Drivers!$A:$A,0)),"ID not found")) | F8: =IF(B8="","",IFERROR(INDEX(Routes!$B:$B,MATCH(B8,Routes!$A:$A,0)),"ID not found")) | G8: =IF(OR(B8="",C8="",D8=""),"",IF(OR(ISNA(MATCH(B8,Routes!$A:$A,0)),ISNA(MATCH(C8,Drivers!$A:$A,0)),ISNA(MATCH(D8,Vehicles!$A:$A,0))),"CHECK: ID not found",IF(INDEX(Routes!$C:$C,MATCH(B8,Routes!$A:$A,0))<>INDEX(Vehicles!$B:$B,MATCH(D8,Vehicles!$A:$A,0)),"CHECK: vehicle type does not fit route",IF(INDEX(Routes!$C:$C,MATCH(B8,Routes!$A:$A,0))<>INDEX(Drivers!$D:$D,MATCH(C8,Drivers!$A:$A,0)),"CHECK: driver type does not fit route",IF(OR(INDEX(Vehicles!$E:$E,MATCH(D8,Vehicles!$A:$A,0))="Workshop",INDEX(Vehicles!$E:$E,MATCH(D8,Vehicles!$A:$A,0))="Out of service"),"CHECK: vehicle not available",IF(INDEX(Drivers!$G:$G,MATCH(C8,Drivers!$A:$A,0))<>"Active","CHECK: driver not active",IF(COUNTIFS($A:$A,A8,$C:$C,C8)>1,"CHECK: driver assigned twice",IF(COUNTIFS($A:$A,A8,$D:$D,D8)>1,"CHECK: vehicle assigned twice","OK")))))))) | J8: =IF(OR(H8="",H8=0),"",I8/H8) | O8: =IF(AND(OR(K8="At risk",K8="Late"),L8=""),"Add a reason code",IF(AND(L8="OTH",N8=""),"Explain OTH in notes",IF(AND(K8="Finished",I8<H8,L8=""),"Add a reason code","")))
E9: =IF(C9="","",IFERROR(INDEX(Drivers!$B:$B,MATCH(C9,Drivers!$A:$A,0)),"ID not found")) | F9: =IF(B9="","",IFERROR(INDEX(Routes!$B:$B,MATCH(B9,Routes!$A:$A,0)),"ID not found")) | G9: =IF(OR(B9="",C9="",D9=""),"",IF(OR(ISNA(MATCH(B9,Routes!$A:$A,0)),ISNA(MATCH(C9,Drivers!$A:$A,0)),ISNA(MATCH(D9,Vehicles!$A:$A,0))),"CHECK: ID not found",IF(INDEX(Routes!$C:$C,MATCH(B9,Routes!$A:$A,0))<>INDEX(Vehicles!$B:$B,MATCH(D9,Vehicles!$A:$A,0)),"CHECK: vehicle type does not fit route",IF(INDEX(Routes!$C:$C,MATCH(B9,Routes!$A:$A,0))<>INDEX(Drivers!$D:$D,MATCH(C9,Drivers!$A:$A,0)),"CHECK: driver type does not fit route",IF(OR(INDEX(Vehicles!$E:$E,MATCH(D9,Vehicles!$A:$A,0))="Workshop",INDEX(Vehicles!$E:$E,MATCH(D9,Vehicles!$A:$A,0))="Out of service"),"CHECK: vehicle not available",IF(INDEX(Drivers!$G:$G,MATCH(C9,Drivers!$A:$A,0))<>"Active","CHECK: driver not active",IF(COUNTIFS($A:$A,A9,$C:$C,C9)>1,"CHECK: driver assigned twice",IF(COUNTIFS($A:$A,A9,$D:$D,D9)>1,"CHECK: vehicle assigned twice","OK")))))))) | J9: =IF(OR(H9="",H9=0),"",I9/H9) | O9: =IF(AND(OR(K9="At risk",K9="Late"),L9=""),"Add a reason code",IF(AND(L9="OTH",N9=""),"Explain OTH in notes",IF(AND(K9="Finished",I9<H9,L9=""),"Add a reason code","")))
E10: =IF(C10="","",IFERROR(INDEX(Drivers!$B:$B,MATCH(C10,Drivers!$A:$A,0)),"ID not found")) | F10: =IF(B10="","",IFERROR(INDEX(Routes!$B:$B,MATCH(B10,Routes!$A:$A,0)),"ID not found")) | G10: =IF(OR(B10="",C10="",D10=""),"",IF(OR(ISNA(MATCH(B10,Routes!$A:$A,0)),ISNA(MATCH(C10,Drivers!$A:$A,0)),ISNA(MATCH(D10,Vehicles!$A:$A,0))),"CHECK: ID not found",IF(INDEX(Routes!$C:$C,MATCH(B10,Routes!$A:$A,0))<>INDEX(Vehicles!$B:$B,MATCH(D10,Vehicles!$A:$A,0)),"CHECK: vehicle type does not fit route",IF(INDEX(Routes!$C:$C,MATCH(B10,Routes!$A:$A,0))<>INDEX(Drivers!$D:$D,MATCH(C10,Drivers!$A:$A,0)),"CHECK: driver type does not fit route",IF(OR(INDEX(Vehicles!$E:$E,MATCH(D10,Vehicles!$A:$A,0))="Workshop",INDEX(Vehicles!$E:$E,MATCH(D10,Vehicles!$A:$A,0))="Out of service"),"CHECK: vehicle not available",IF(INDEX(Drivers!$G:$G,MATCH(C10,Drivers!$A:$A,0))<>"Active","CHECK: driver not active",IF(COUNTIFS($A:$A,A10,$C:$C,C10)>1,"CHECK: driver assigned twice",IF(COUNTIFS($A:$A,A10,$D:$D,D10)>1,"CHECK: vehicle assigned twice","OK")))))))) | J10: =IF(OR(H10="",H10=0),"",I10/H10) | O10: =IF(AND(OR(K10="At risk",K10="Late"),L10=""),"Add a reason code",IF(AND(L10="OTH",N10=""),"Explain OTH in notes",IF(AND(K10="Finished",I10<H10,L10=""),"Add a reason code","")))
E11: =IF(C11="","",IFERROR(INDEX(Drivers!$B:$B,MATCH(C11,Drivers!$A:$A,0)),"ID not found")) | F11: =IF(B11="","",IFERROR(INDEX(Routes!$B:$B,MATCH(B11,Routes!$A:$A,0)),"ID not found")) | G11: =IF(OR(B11="",C11="",D11=""),"",IF(OR(ISNA(MATCH(B11,Routes!$A:$A,0)),ISNA(MATCH(C11,Drivers!$A:$A,0)),ISNA(MATCH(D11,Vehicles!$A:$A,0))),"CHECK: ID not found",IF(INDEX(Routes!$C:$C,MATCH(B11,Routes!$A:$A,0))<>INDEX(Vehicles!$B:$B,MATCH(D11,Vehicles!$A:$A,0)),"CHECK: vehicle type does not fit route",IF(INDEX(Routes!$C:$C,MATCH(B11,Routes!$A:$A,0))<>INDEX(Drivers!$D:$D,MATCH(C11,Drivers!$A:$A,0)),"CHECK: driver type does not fit route",IF(OR(INDEX(Vehicles!$E:$E,MATCH(D11,Vehicles!$A:$A,0))="Workshop",INDEX(Vehicles!$E:$E,MATCH(D11,Vehicles!$A:$A,0))="Out of service"),"CHECK: vehicle not available",IF(INDEX(Drivers!$G:$G,MATCH(C11,Drivers!$A:$A,0))<>"Active","CHECK: driver not active",IF(COUNTIFS($A:$A,A11,$C:$C,C11)>1,"CHECK: driver assigned twice",IF(COUNTIFS($A:$A,A11,$D:$D,D11)>1,"CHECK: vehicle assigned twice","OK")))))))) | J11: =IF(OR(H11="",H11=0),"",I11/H11) | O11: =IF(AND(OR(K11="At risk",K11="Late"),L11=""),"Add a reason code",IF(AND(L11="OTH",N11=""),"Explain OTH in notes",IF(AND(K11="Finished",I11<H11,L11=""),"Add a reason code","")))
E12: =IF(C12="","",IFERROR(INDEX(Drivers!$B:$B,MATCH(C12,Drivers!$A:$A,0)),"ID not found")) | F12: =IF(B12="","",IFERROR(INDEX(Routes!$B:$B,MATCH(B12,Routes!$A:$A,0)),"ID not found")) | G12: =IF(OR(B12="",C12="",D12=""),"",IF(OR(ISNA(MATCH(B12,Routes!$A:$A,0)),ISNA(MATCH(C12,Drivers!$A:$A,0)),ISNA(MATCH(D12,Vehicles!$A:$A,0))),"CHECK: ID not found",IF(INDEX(Routes!$C:$C,MATCH(B12,Routes!$A:$A,0))<>INDEX(Vehicles!$B:$B,MATCH(D12,Vehicles!$A:$A,0)),"CHECK: vehicle type does not fit route",IF(INDEX(Routes!$C:$C,MATCH(B12,Routes!$A:$A,0))<>INDEX(Drivers!$D:$D,MATCH(C12,Drivers!$A:$A,0)),"CHECK: driver type does not fit route",IF(OR(INDEX(Vehicles!$E:$E,MATCH(D12,Vehicles!$A:$A,0))="Workshop",INDEX(Vehicles!$E:$E,MATCH(D12,Vehicles!$A:$A,0))="Out of service"),"CHECK: vehicle not available",IF(INDEX(Drivers!$G:$G,MATCH(C12,Drivers!$A:$A,0))<>"Active","CHECK: driver not active",IF(COUNTIFS($A:$A,A12,$C:$C,C12)>1,"CHECK: driver assigned twice",IF(COUNTIFS($A:$A,A12,$D:$D,D12)>1,"CHECK: vehicle assigned twice","OK")))))))) | J12: =IF(OR(H12="",H12=0),"",I12/H12) | O12: =IF(AND(OR(K12="At risk",K12="Late"),L12=""),"Add a reason code",IF(AND(L12="OTH",N12=""),"Explain OTH in notes",IF(AND(K12="Finished",I12<H12,L12=""),"Add a reason code","")))
E13: =IF(C13="","",IFERROR(INDEX(Drivers!$B:$B,MATCH(C13,Drivers!$A:$A,0)),"ID not found")) | F13: =IF(B13="","",IFERROR(INDEX(Routes!$B:$B,MATCH(B13,Routes!$A:$A,0)),"ID not found")) | G13: =IF(OR(B13="",C13="",D13=""),"",IF(OR(ISNA(MATCH(B13,Routes!$A:$A,0)),ISNA(MATCH(C13,Drivers!$A:$A,0)),ISNA(MATCH(D13,Vehicles!$A:$A,0))),"CHECK: ID not found",IF(INDEX(Routes!$C:$C,MATCH(B13,Routes!$A:$A,0))<>INDEX(Vehicles!$B:$B,MATCH(D13,Vehicles!$A:$A,0)),"CHECK: vehicle type does not fit route",IF(INDEX(Routes!$C:$C,MATCH(B13,Routes!$A:$A,0))<>INDEX(Drivers!$D:$D,MATCH(C13,Drivers!$A:$A,0)),"CHECK: driver type does not fit route",IF(OR(INDEX(Vehicles!$E:$E,MATCH(D13,Vehicles!$A:$A,0))="Workshop",INDEX(Vehicles!$E:$E,MATCH(D13,Vehicles!$A:$A,0))="Out of service"),"CHECK: vehicle not available",IF(INDEX(Drivers!$G:$G,MATCH(C13,Drivers!$A:$A,0))<>"Active","CHECK: driver not active",IF(COUNTIFS($A:$A,A13,$C:$C,C13)>1,"CHECK: driver assigned twice",IF(COUNTIFS($A:$A,A13,$D:$D,D13)>1,"CHECK: vehicle assigned twice","OK")))))))) | J13: =IF(OR(H13="",H13=0),"",I13/H13) | O13: =IF(AND(OR(K13="At risk",K13="Late"),L13=""),"Add a reason code",IF(AND(L13="OTH",N13=""),"Explain OTH in notes",IF(AND(K13="Finished",I13<H13,L13=""),"Add a reason code","")))
E14: =IF(C14="","",IFERROR(INDEX(Drivers!$B:$B,MATCH(C14,Drivers!$A:$A,0)),"ID not found")) | F14: =IF(B14="","",IFERROR(INDEX(Routes!$B:$B,MATCH(B14,Routes!$A:$A,0)),"ID not found")) | G14: =IF(OR(B14="",C14="",D14=""),"",IF(OR(ISNA(MATCH(B14,Routes!$A:$A,0)),ISNA(MATCH(C14,Drivers!$A:$A,0)),ISNA(MATCH(D14,Vehicles!$A:$A,0))),"CHECK: ID not found",IF(INDEX(Routes!$C:$C,MATCH(B14,Routes!$A:$A,0))<>INDEX(Vehicles!$B:$B,MATCH(D14,Vehicles!$A:$A,0)),"CHECK: vehicle type does not fit route",IF(INDEX(Routes!$C:$C,MATCH(B14,Routes!$A:$A,0))<>INDEX(Drivers!$D:$D,MATCH(C14,Drivers!$A:$A,0)),"CHECK: driver type does not fit route",IF(OR(INDEX(Vehicles!$E:$E,MATCH(D14,Vehicles!$A:$A,0))="Workshop",INDEX(Vehicles!$E:$E,MATCH(D14,Vehicles!$A:$A,0))="Out of service"),"CHECK: vehicle not available",IF(INDEX(Drivers!$G:$G,MATCH(C14,Drivers!$A:$A,0))<>"Active","CHECK: driver not active",IF(COUNTIFS($A:$A,A14,$C:$C,C14)>1,"CHECK: driver assigned twice",IF(COUNTIFS($A:$A,A14,$D:$D,D14)>1,"CHECK: vehicle assigned twice","OK")))))))) | J14: =IF(OR(H14="",H14=0),"",I14/H14) | O14: =IF(AND(OR(K14="At risk",K14="Late"),L14=""),"Add a reason code",IF(AND(L14="OTH",N14=""),"Explain OTH in notes",IF(AND(K14="Finished",I14<H14,L14=""),"Add a reason code","")))
E15: =IF(C15="","",IFERROR(INDEX(Drivers!$B:$B,MATCH(C15,Drivers!$A:$A,0)),"ID not found")) | F15: =IF(B15="","",IFERROR(INDEX(Routes!$B:$B,MATCH(B15,Routes!$A:$A,0)),"ID not found")) | G15: =IF(OR(B15="",C15="",D15=""),"",IF(OR(ISNA(MATCH(B15,Routes!$A:$A,0)),ISNA(MATCH(C15,Drivers!$A:$A,0)),ISNA(MATCH(D15,Vehicles!$A:$A,0))),"CHECK: ID not found",IF(INDEX(Routes!$C:$C,MATCH(B15,Routes!$A:$A,0))<>INDEX(Vehicles!$B:$B,MATCH(D15,Vehicles!$A:$A,0)),"CHECK: vehicle type does not fit route",IF(INDEX(Routes!$C:$C,MATCH(B15,Routes!$A:$A,0))<>INDEX(Drivers!$D:$D,MATCH(C15,Drivers!$A:$A,0)),"CHECK: driver type does not fit route",IF(OR(INDEX(Vehicles!$E:$E,MATCH(D15,Vehicles!$A:$A,0))="Workshop",INDEX(Vehicles!$E:$E,MATCH(D15,Vehicles!$A:$A,0))="Out of service"),"CHECK: vehicle not available",IF(INDEX(Drivers!$G:$G,MATCH(C15,Drivers!$A:$A,0))<>"Active","CHECK: driver not active",IF(COUNTIFS($A:$A,A15,$C:$C,C15)>1,"CHECK: driver assigned twice",IF(COUNTIFS($A:$A,A15,$D:$D,D15)>1,"CHECK: vehicle assigned twice","OK")))))))) | J15: =IF(OR(H15="",H15=0),"",I15/H15) | O15: =IF(AND(OR(K15="At risk",K15="Late"),L15=""),"Add a reason code",IF(AND(L15="OTH",N15=""),"Explain OTH in notes",IF(AND(K15="Finished",I15<H15,L15=""),"Add a reason code","")))
E16: =IF(C16="","",IFERROR(INDEX(Drivers!$B:$B,MATCH(C16,Drivers!$A:$A,0)),"ID not found")) | F16: =IF(B16="","",IFERROR(INDEX(Routes!$B:$B,MATCH(B16,Routes!$A:$A,0)),"ID not found")) | G16: =IF(OR(B16="",C16="",D16=""),"",IF(OR(ISNA(MATCH(B16,Routes!$A:$A,0)),ISNA(MATCH(C16,Drivers!$A:$A,0)),ISNA(MATCH(D16,Vehicles!$A:$A,0))),"CHECK: ID not found",IF(INDEX(Routes!$C:$C,MATCH(B16,Routes!$A:$A,0))<>INDEX(Vehicles!$B:$B,MATCH(D16,Vehicles!$A:$A,0)),"CHECK: vehicle type does not fit route",IF(INDEX(Routes!$C:$C,MATCH(B16,Routes!$A:$A,0))<>INDEX(Drivers!$D:$D,MATCH(C16,Drivers!$A:$A,0)),"CHECK: driver type does not fit route",IF(OR(INDEX(Vehicles!$E:$E,MATCH(D16,Vehicles!$A:$A,0))="Workshop",INDEX(Vehicles!$E:$E,MATCH(D16,Vehicles!$A:$A,0))="Out of service"),"CHECK: vehicle not available",IF(INDEX(Drivers!$G:$G,MATCH(C16,Drivers!$A:$A,0))<>"Active","CHECK: driver not active",IF(COUNTIFS($A:$A,A16,$C:$C,C16)>1,"CHECK: driver assigned twice",IF(COUNTIFS($A:$A,A16,$D:$D,D16)>1,"CHECK: vehicle assigned twice","OK")))))))) | J16: =IF(OR(H16="",H16=0),"",I16/H16) | O16: =IF(AND(OR(K16="At risk",K16="Late"),L16=""),"Add a reason code",IF(AND(L16="OTH",N16=""),"Explain OTH in notes",IF(AND(K16="Finished",I16<H16,L16=""),"Add a reason code","")))
E17: =IF(C17="","",IFERROR(INDEX(Drivers!$B:$B,MATCH(C17,Drivers!$A:$A,0)),"ID not found")) | F17: =IF(B17="","",IFERROR(INDEX(Routes!$B:$B,MATCH(B17,Routes!$A:$A,0)),"ID not found")) | G17: =IF(OR(B17="",C17="",D17=""),"",IF(OR(ISNA(MATCH(B17,Routes!$A:$A,0)),ISNA(MATCH(C17,Drivers!$A:$A,0)),ISNA(MATCH(D17,Vehicles!$A:$A,0))),"CHECK: ID not found",IF(INDEX(Routes!$C:$C,MATCH(B17,Routes!$A:$A,0))<>INDEX(Vehicles!$B:$B,MATCH(D17,Vehicles!$A:$A,0)),"CHECK: vehicle type does not fit route",IF(INDEX(Routes!$C:$C,MATCH(B17,Routes!$A:$A,0))<>INDEX(Drivers!$D:$D,MATCH(C17,Drivers!$A:$A,0)),"CHECK: driver type does not fit route",IF(OR(INDEX(Vehicles!$E:$E,MATCH(D17,Vehicles!$A:$A,0))="Workshop",INDEX(Vehicles!$E:$E,MATCH(D17,Vehicles!$A:$A,0))="Out of service"),"CHECK: vehicle not available",IF(INDEX(Drivers!$G:$G,MATCH(C17,Drivers!$A:$A,0))<>"Active","CHECK: driver not active",IF(COUNTIFS($A:$A,A17,$C:$C,C17)>1,"CHECK: driver assigned twice",IF(COUNTIFS($A:$A,A17,$D:$D,D17)>1,"CHECK: vehicle assigned twice","OK")))))))) | J17: =IF(OR(H17="",H17=0),"",I17/H17) | O17: =IF(AND(OR(K17="At risk",K17="Late"),L17=""),"Add a reason code",IF(AND(L17="OTH",N17=""),"Explain OTH in notes",IF(AND(K17="Finished",I17<H17,L17=""),"Add a reason code","")))
... E301: =IF(C301="","",IFERROR(INDEX(Drivers!$B:$B,MATCH(C301,Drivers!$A:$A,0)),"ID not found")) | F301: =IF(B301="","",IFERROR(INDEX(Routes!$B:$B,MATCH(B301,Routes!$A:$A,0)),"ID not found")) | G301: =IF(OR(B301="",C301="",D301=""),"",IF(OR(ISNA(MATCH(B301,Routes!$A:$A,0)),ISNA(MATCH(C301,Drivers!$A:$A,0)),ISNA(MATCH(D301,Vehicles!$A:$A,0))),"CHECK: ID not found",IF(INDEX(Routes!$C:$C,MATCH(B301,Routes!$A:$A,0))<>INDEX(Vehicles!$B:$B,MATCH(D301,Vehicles!$A:$A,0)),"CHECK: vehicle type does not fit route",IF(INDEX(Routes!$C:$C,MATCH(B301,Routes!$A:$A,0))<>INDEX(Drivers!$D:$D,MATCH(C301,Drivers!$A:$A,0)),"CHECK: driver type does not fit route",IF(OR(INDEX(Vehicles!$E:$E,MATCH(D301,Vehicles!$A:$A,0))="Workshop",INDEX(Vehicles!$E:$E,MATCH(D301,Vehicles!$A:$A,0))="Out of service"),"CHECK: vehicle not available",IF(INDEX(Drivers!$G:$G,MATCH(C301,Drivers!$A:$A,0))<>"Active","CHECK: driver not active",IF(COUNTIFS($A:$A,A301,$C:$C,C301)>1,"CHECK: driver assigned twice",IF(COUNTIFS($A:$A,A301,$D:$D,D301)>1,"CHECK: vehicle assigned twice","OK")))))))) | J301: =IF(OR(H301="",H301=0),"",I301/H301) | O301: =IF(AND(OR(K301="At risk",K301="Late"),L301=""),"Add a reason code",IF(AND(L301="OTH",N301=""),"Explain OTH in notes",IF(AND(K301="Finished",I301<H301,L301=""),"Add a reason code","")))

Sheet Exceptions
A1: exception_id | B1: date | C1: time | D1: route_id | E1: driver_id | F1: reason_code | G1: reason_meaning | H1: severity | I1: what_happened | J1: action_taken | K1: customer_informed | L1: resolved
A2: EX-0001 | B2: 46304 | C2: 0.48611111 | D2: TR-02 | E2: D21 | F2: TRF | G2: =IF(F2="","",IFERROR(INDEX(Lists!$M$2:$M$13,MATCH(F2,Lists!$L$2:$L$13,0)),"Unknown code")) -> Traffic or road closure | H2: Medium | I2: Accident on the highway, truck stopped 40 min | J2: Called the customer, moved the ETA by 45 min, driver resumed at 12:20 | K2: Yes | L2: Resolved
G3: =IF(F3="","",IFERROR(INDEX(Lists!$M$2:$M$13,MATCH(F3,Lists!$L$2:$L$13,0)),"Unknown code"))
G4: =IF(F4="","",IFERROR(INDEX(Lists!$M$2:$M$13,MATCH(F4,Lists!$L$2:$L$13,0)),"Unknown code"))
G5: =IF(F5="","",IFERROR(INDEX(Lists!$M$2:$M$13,MATCH(F5,Lists!$L$2:$L$13,0)),"Unknown code"))
G6: =IF(F6="","",IFERROR(INDEX(Lists!$M$2:$M$13,MATCH(F6,Lists!$L$2:$L$13,0)),"Unknown code"))
G7: =IF(F7="","",IFERROR(INDEX(Lists!$M$2:$M$13,MATCH(F7,Lists!$L$2:$L$13,0)),"Unknown code"))
G8: =IF(F8="","",IFERROR(INDEX(Lists!$M$2:$M$13,MATCH(F8,Lists!$L$2:$L$13,0)),"Unknown code"))
G9: =IF(F9="","",IFERROR(INDEX(Lists!$M$2:$M$13,MATCH(F9,Lists!$L$2:$L$13,0)),"Unknown code"))
G10: =IF(F10="","",IFERROR(INDEX(Lists!$M$2:$M$13,MATCH(F10,Lists!$L$2:$L$13,0)),"Unknown code"))
G11: =IF(F11="","",IFERROR(INDEX(Lists!$M$2:$M$13,MATCH(F11,Lists!$L$2:$L$13,0)),"Unknown code"))
G12: =IF(F12="","",IFERROR(INDEX(Lists!$M$2:$M$13,MATCH(F12,Lists!$L$2:$L$13,0)),"Unknown code"))
G13: =IF(F13="","",IFERROR(INDEX(Lists!$M$2:$M$13,MATCH(F13,Lists!$L$2:$L$13,0)),"Unknown code"))
G14: =IF(F14="","",IFERROR(INDEX(Lists!$M$2:$M$13,MATCH(F14,Lists!$L$2:$L$13,0)),"Unknown code"))
... G301: =IF(F301="","",IFERROR(INDEX(Lists!$M$2:$M$13,MATCH(F301,Lists!$L$2:$L$13,0)),"Unknown code"))

Sheet Drivers
A1: driver_id | B1: full_name | C1: phone | D1: vehicle_type | E1: licence_class | F1: shift | G1: status | H1: licence_expiry | I1: default_vehicle
A2: D01 | B2: Juan Martínez | C2: 809-555-0101 | D2: motorbike | E2: Motorcycle | F2: Morning | G2: Active | H2: 46461 | I2: V01
A3: D02 | B3: Luis Almonte | C3: 809-555-0102 | D3: motorbike | E3: Motorcycle | F3: Afternoon | G3: Active | H3: 46357 | I3: V02
A4: D15 | B4: Mercedes Rodríguez | C4: 809-555-0115 | D4: van | E4: Light vehicle | F4: Morning | G4: Active | H4: 46619 | I4: V15
A5: D21 | B5: Yeison Tavárez | C5: 809-555-0121 | D5: truck | E5: Heavy truck | F5: Long-haul | G5: Active | H5: 46397 | I5: V21

Sheet Vehicles
A1: vehicle_id | B1: vehicle_type | C1: plate | D1: fuel_type | E1: status | F1: next_service_date | G1: odometer_km | H1: notes
A2: V01 | B2: motorbike | C2: EXAMPLE-01 | D2: petrol | E2: Available | F2: 46331 | G2: 18250
A3: V02 | B3: motorbike | C3: EXAMPLE-02 | D3: petrol | E3: Workshop | F3: 46307 | G3: 31240 | H3: Brake pads, back Monday
A4: V15 | B4: van | C4: EXAMPLE-15 | D4: diesel | E4: Available | F4: 46358 | G4: 74120
A5: V21 | B5: truck | C5: EXAMPLE-21 | D5: diesel | E5: In use | F5: 46346 | G5: 212880

Sheet Routes
A1: route_id | B1: zone | C1: vehicle_type | D1: typical_stops | E1: typical_km | F1: active
A2: BK-01 | B2: Distrito Nacional | C2: motorbike | D2: 24 | E2: 45 | F2: Yes
A3: BK-02 | B3: Zona Colonial | C3: motorbike | D3: 22 | E3: 38 | F3: Yes
A4: VN-02 | B4: San Cristóbal | C4: van | D4: 18 | E4: 105 | F4: Yes
A5: TR-02 | B5: Santiago | C5: truck | D5: 8 | E5: 335 | F5: Yes

Sheet Lists
A1: Vehicle type | B1: Vehicle status | C1: Driver status | D1: Shift | E1: Licence class | F1: Fuel type | G1: Route status | H1: Severity | I1: Resolved | J1: Yes/No | L1: Reason code | M1: Meaning | N1: When to use
A2: motorbike | B2: Available | C2: Active | D2: Morning | E2: Motorcycle | F2: petrol | G2: Not started | H2: Low | I2: Open | J2: Yes | L2: TRF | M2: Traffic or road closure | N2: Slow roads, accident ahead, closed street
A3: van | B3: In use | C3: On leave | D3: Afternoon | E3: Light vehicle | F3: diesel | G3: On track | H3: Medium | I3: Resolved | J3: No | L3: WTH | M3: Weather | N3: Rain, storm, flooding
A4: truck | B4: Workshop | C4: Inactive | D4: Long-haul | E4: Heavy truck | G4: At risk | H4: High | L4: BRK | M4: Vehicle breakdown | N4: Mechanical failure, flat tyre, no fuel
B5: Out of service | G5: Late | L5: ACC | M5: Accident or incident | N5: Collision, injury, theft, security issue
G6: Finished | L6: CAB | M6: Customer absent | N6: Nobody to receive the delivery
G7: Cancelled | L7: ADR | M7: Address problem | N7: Wrong, incomplete or unfindable address
L8: ACS | M8: Access blocked | N8: Gate, building or street not accessible
L9: REF | M9: Delivery refused | N9: Customer refuses the delivery
L10: PLN | M10: Plan too tight | N10: Route had too many stops or unrealistic times
L11: DRV | M11: Driver issue | N11: Absent, late start, unwell, lost
L12: VEH | M12: Vehicle not ready | N12: Failed pre-trip check, not fuelled, not available
L13: OTH | M13: Other | N13: Use rarely and always explain in the notes
